{
  "project_info": {
    "project_number": "545181098606",
    "project_id": "sprint4-4a8aa",
    "storage_bucket": "sprint4-4a8aa.appspot.com"
  },
  "client": [
    {
      "client_info": {
        "mobilesdk_app_id": "1:545181098606:android:b17df90011d9f97a2c7c7f",
        "android_client_info": {
          "package_name": "com.example.sprint4"
        }
      },
      "oauth_client": [
        {
          "client_id": "545181098606-6b58eos544s14bcuacirnlvl3f5rgh44.apps.googleusercontent.com",
          "client_type": 1,
          "android_info": {
            "package_name": "com.example.sprint4",
            "certificate_hash": "d7ddda8dae44edaa246a00548c50ac45f395a27b"
          }
        },
        {
          "client_id": "545181098606-nmf1u6104kno5p06269ruvv0fsns8sph.apps.googleusercontent.com",
          "client_type": 3
        }
      ],
      "api_key": [
        {
          "current_key": "AIzaSyCncMBaPwx9C1JMW8RMhjUDSDKHDztYuT0"
        }
      ],
      "services": {
        "appinvite_service": {
          "other_platform_oauth_client": [
            {
              "client_id": "545181098606-nmf1u6104kno5p06269ruvv0fsns8sph.apps.googleusercontent.com",
              "client_type": 3
            }
          ]
        }
      }
    }
  ],
  "configuration_version": "1"
}